ticker,institutional_pct,insider_pct,short_pct,float_shares_m,num_inst_holders,insider_buys,insider_sells,insider_sentiment,institutional_score,institutional_stage
A,92.65,0.32,1.6,282.64,10,0,0,Neutral,70,Strong Institutional Support
AAL,68.4,1.48,6.3,650.84,10,0,0,Neutral,60,Institutional Support
AAPL,64.99,1.7,0.77,14655.59,10,0,0,Neutral,65,Institutional Support
ABBV,75.19,0.1,1.25,0.0,10,0,0,Neutral,65,Institutional Support
ABNB,85.23,1.49,4.05,409.69,10,0,0,Neutral,65,Institutional Support
ABT,81.66,0.54,1.15,1728.56,10,0,0,Neutral,70,Strong Institutional Support
ACGL,93.42,3.19,1.88,350.12,10,0,0,Neutral,70,Strong Institutional Support
ACN,82.47,0.08,2.31,614.17,10,0,0,Neutral,70,Strong Institutional Support
ADBE,87.44,0.22,2.92,409.22,10,0,0,Neutral,70,Strong Institutional Support
ADI,94.07,0.23,2.07,487.88,10,0,0,Neutral,70,Strong Institutional Support
ADM,86.38,0.61,3.92,478.43,10,0,0,Neutral,65,Institutional Support
ADP,87.09,0.15,2.04,401.74,10,0,0,Neutral,70,Strong Institutional Support
ADSK,95.69,0.21,2.59,211.48,10,0,0,Neutral,70,Strong Institutional Support
AEE,87.46,0.3,3.81,269.2,10,0,0,Neutral,65,Institutional Support
AEP,87.07,0.25,3.44,534.47,10,0,0,Neutral,65,Institutional Support
AES,91.1,0.46,3.44,708.05,10,0,0,Neutral,65,Institutional Support
AFL,60.18,10.72,1.39,519.94,10,0,0,Neutral,65,Institutional Support
AIG,100.64,0.25,1.88,538.01,10,0,0,Neutral,70,Strong Institutional Support
AIZ,96.59,0.62,2.55,49.79,10,0,0,Neutral,70,Strong Institutional Support
AJG,91.63,0.92,2.33,254.24,10,0,0,Neutral,70,Strong Institutional Support
AKAM,98.92,1.95,10.94,140.67,10,0,0,Neutral,55,Institutional Support
ALB,92.29,0.34,12.43,117.27,10,0,0,Neutral,55,Institutional Support
ALGN,96.52,6.76,3.45,67.22,10,0,0,Neutral,65,Institutional Support
ALL,81.69,0.55,2.67,260.17,10,0,0,Neutral,70,Strong Institutional Support
ALLE,99.21,1.12,3.45,84.83,10,0,0,Neutral,65,Institutional Support
AMAT,84.87,0.32,2.03,789.41,10,0,0,Neutral,70,Strong Institutional Support
AMCR,69.95,0.24,6.03,460.93,10,0,0,Unknown,60,Institutional Support
AMD,70.47,0.44,2.35,1621.39,10,0,0,Neutral,65,Institutional Support
AME,90.66,0.36,1.57,228.32,10,0,0,Neutral,70,Strong Institutional Support
AMGN,84.18,0.21,2.6,537.64,10,0,0,Neutral,70,Strong Institutional Support
AMP,90.77,0.2,3.66,92.48,10,0,0,Neutral,65,Institutional Support
AMT,95.1,0.15,1.63,466.77,10,0,0,Neutral,70,Strong Institutional Support
AMZN,66.77,9.18,0.81,9701.91,10,0,0,Neutral,65,Institutional Support
ANET,70.1,17.94,1.36,1041.5,10,0,0,Neutral,65,Institutional Support
ANSS,0.0,0.0,0.0,0.0,0,0,0,Unknown,45,Neutral
AON,87.66,3.04,0.92,207.65,10,0,0,Neutral,70,Strong Institutional Support
AOS,101.27,0.73,4.84,112.77,10,0,0,Neutral,65,Institutional Support
APA,99.39,0.43,10.88,352.42,10,0,0,Neutral,55,Institutional Support
APD,94.8,1.92,2.8,222.34,10,0,0,Neutral,70,Strong Institutional Support
APH,98.57,0.54,1.22,1217.77,10,0,0,Neutral,70,Strong Institutional Support
APTV,101.73,0.46,4.13,212.88,10,0,0,Neutral,65,Institutional Support
ARE,96.48,1.3,7.33,154.05,10,0,0,Neutral,65,Institutional Support
ATO,100.01,0.38,3.16,164.75,10,0,0,Neutral,65,Institutional Support
AVB,97.27,0.36,5.59,133.02,10,0,0,Neutral,65,Institutional Support
AVGO,79.1,2.01,1.39,405.87,10,0,0,Neutral,65,Institutional Support
AVY,97.23,0.81,2.88,76.76,10,0,0,Neutral,70,Strong Institutional Support
AWK,98.81,0.12,6.11,194.72,10,0,0,Neutral,65,Institutional Support
AXON,87.75,4.46,3.9,75.14,10,0,0,Neutral,65,Institutional Support
AXP,65.38,22.23,1.51,533.06,10,0,0,Neutral,65,Institutional Support
AZO,94.01,0.24,1.84,16.51,10,0,0,Neutral,70,Strong Institutional Support
BA,72.19,0.07,2.12,753.52,10,0,0,Neutral,65,Institutional Support
BAC,71.69,7.97,1.1,7186.36,10,0,0,Neutral,65,Institutional Support
BALL,89.5,0.31,2.44,265.71,10,0,0,Neutral,70,Strong Institutional Support
BAX,107.56,0.37,9.88,511.93,10,0,0,Neutral,65,Institutional Support
BBWI,110.07,0.37,7.96,203.66,10,0,0,Neutral,65,Institutional Support
BBY,93.07,7.55,13.14,194.38,10,0,0,Neutral,55,Institutional Support
BDX,95.78,0.39,2.41,284.69,10,0,0,Neutral,70,Strong Institutional Support
BEN,46.76,48.39,5.97,303.14,10,0,0,Neutral,50,Neutral
BF-B,75.36,2.9,15.5,326.37,10,0,0,Neutral,50,Neutral
BG,75.95,17.77,3.7,160.54,10,0,0,Neutral,60,Institutional Support
BIIB,94.68,0.15,4.12,146.26,10,0,0,Neutral,65,Institutional Support
BIO,94.29,16.27,4.13,21.12,10,0,0,Neutral,65,Institutional Support
BK,89.91,0.19,1.02,686.72,10,0,0,Neutral,70,Strong Institutional Support
BKNG,96.31,0.16,2.26,32.14,10,0,0,Neutral,70,Strong Institutional Support
BKR,102.45,0.13,4.74,984.74,10,0,0,Neutral,65,Institutional Support
BLDR,102.77,2.62,5.81,107.55,10,0,0,Neutral,65,Institutional Support
BLK,83.45,1.97,0.81,143.99,10,0,0,Neutral,70,Strong Institutional Support
BMY,82.16,0.08,1.82,2032.48,10,0,0,Neutral,70,Strong Institutional Support
BR,94.17,0.46,2.1,116.17,10,0,0,Neutral,70,Strong Institutional Support
BRK-B,66.02,0.39,0.87,1.24,10,0,0,Neutral,65,Institutional Support
BRO,82.62,13.25,5.15,289.28,10,0,0,Neutral,65,Institutional Support
BSX,95.28,0.19,1.58,0.0,10,0,0,Neutral,70,Strong Institutional Support
BWA,103.06,0.99,6.24,211.91,10,0,0,Neutral,65,Institutional Support
BX,70.63,0.93,1.26,743.18,10,0,0,Neutral,65,Institutional Support
BXP,110.15,0.4,8.35,147.09,10,0,0,Neutral,65,Institutional Support
C,81.06,0.26,1.44,1741.98,10,0,0,Neutral,70,Strong Institutional Support
CAG,89.08,0.64,8.26,474.96,10,0,0,Neutral,65,Institutional Support
CAH,91.89,0.27,2.47,237.09,10,0,0,Neutral,70,Strong Institutional Support
CARR,87.51,6.09,1.86,790.03,10,0,0,Neutral,70,Strong Institutional Support
CAT,74.0,0.21,1.32,465.13,10,0,0,Neutral,65,Institutional Support
CB,83.33,8.6,0.95,373.69,10,0,0,Neutral,70,Strong Institutional Support
CBOE,90.44,0.22,2.98,104.25,10,0,0,Neutral,70,Strong Institutional Support
CBRE,97.72,0.52,1.07,290.87,10,0,0,Neutral,70,Strong Institutional Support
CCI,99.36,0.12,2.47,434.59,10,0,0,Neutral,70,Strong Institutional Support
CCL,72.01,7.87,3.5,1284.42,10,0,0,Neutral,60,Institutional Support
CDNS,91.75,0.29,1.83,271.11,10,0,0,Neutral,70,Strong Institutional Support
CDW,95.5,0.38,3.5,129.53,10,0,0,Neutral,65,Institutional Support
CE,104.17,0.45,8.4,108.92,10,0,0,Neutral,65,Institutional Support
CEG,93.0,0.35,2.25,292.37,10,0,0,Neutral,70,Strong Institutional Support
CF,105.05,0.74,9.85,154.24,10,0,0,Neutral,65,Institutional Support
CFG,99.31,0.74,5.17,425.13,10,0,0,Neutral,65,Institutional Support
CHD,90.74,0.2,5.03,238.05,10,0,0,Neutral,65,Institutional Support
CHRW,102.01,0.8,8.4,119.39,10,0,0,Neutral,65,Institutional Support
CHTR,88.61,36.22,27.29,81.69,10,0,0,Neutral,55,Institutional Support
CI,91.3,1.59,2.36,265.86,10,0,0,Neutral,70,Strong Institutional Support
CINF,70.8,1.6,1.82,153.25,10,0,0,Neutral,65,Institutional Support
CL,86.5,0.16,2.26,754.33,10,0,0,Neutral,70,Strong Institutional Support
CLX,88.97,0.61,7.02,121.19,10,0,0,Neutral,65,Institutional Support
CMCSA,89.63,0.74,1.76,3561.33,10,0,0,Neutral,70,Strong Institutional Support
CME,91.34,0.43,1.18,358.07,10,0,0,Neutral,70,Strong Institutional Support
CMG,91.94,0.6,2.56,1295.26,10,0,0,Neutral,70,Strong Institutional Support
CMI,87.69,0.32,1.53,137.43,10,0,0,Neutral,70,Strong Institutional Support
CMS,99.88,0.54,4.86,302.16,10,0,0,Neutral,65,Institutional Support
CNC,97.32,0.45,2.85,489.1,10,0,0,Neutral,70,Strong Institutional Support
CNP,101.8,0.44,6.66,649.38,10,0,0,Neutral,65,Institutional Support
COF,89.08,1.84,1.39,612.43,10,0,0,Neutral,70,Strong Institutional Support
COO,108.12,0.62,3.83,194.52,10,0,0,Neutral,65,Institutional Support
COP,83.9,0.07,1.58,1233.11,10,0,0,Neutral,70,Strong Institutional Support
COR,96.14,4.21,2.85,185.86,10,0,0,Neutral,70,Strong Institutional Support
COST,72.16,0.16,1.77,442.64,10,0,0,Neutral,65,Institutional Support
CPAY,95.44,3.56,3.67,67.39,10,0,0,Neutral,65,Institutional Support
CPB,65.88,33.61,19.43,192.21,10,0,0,Neutral,50,Neutral
CPRT,85.95,8.61,4.3,887.71,10,0,0,Neutral,65,Institutional Support
CPT,98.84,1.34,5.12,104.52,10,0,0,Neutral,65,Institutional Support
CRL,108.12,1.0,6.63,48.66,10,0,0,Neutral,65,Institutional Support
CRM,83.87,2.63,1.99,911.64,10,0,0,Neutral,70,Strong Institutional Support
CSCO,81.34,0.06,1.46,3944.1,10,0,0,Neutral,70,Strong Institutional Support
CSGP,104.12,1.18,4.03,418.25,10,0,0,Neutral,65,Institutional Support
CSX,80.31,0.25,1.89,1859.82,10,0,0,Neutral,70,Strong Institutional Support
CTAS,68.15,14.98,2.16,341.88,10,0,0,Neutral,65,Institutional Support
CTLT,0.0,0.0,0.0,0.0,0,0,0,Unknown,45,Neutral
CTRA,96.43,1.47,4.67,751.21,10,0,0,Neutral,65,Institutional Support
CTSH,105.41,0.1,6.33,478.01,10,0,0,Neutral,65,Institutional Support
CTVA,87.4,0.12,2.11,670.56,10,0,0,Neutral,70,Strong Institutional Support
CVS,90.29,1.06,1.49,1266.92,10,0,0,Neutral,70,Strong Institutional Support
CVX,68.94,6.24,1.05,1846.77,10,0,0,Neutral,65,Institutional Support
CZR,106.72,2.16,19.88,193.24,10,0,0,Neutral,55,Institutional Support
D,84.33,0.12,3.65,852.15,10,0,0,Neutral,65,Institutional Support
DAL,82.84,0.32,3.43,645.79,10,0,0,Neutral,65,Institutional Support
DAY,77.96,1.19,15.26,156.93,10,0,0,Neutral,50,Neutral
DD,77.2,0.29,2.02,417.3,10,0,0,Neutral,65,Institutional Support
DE,82.76,0.16,2.1,269.91,10,0,0,Neutral,70,Strong Institutional Support
DECK,102.36,0.6,3.49,140.71,10,0,0,Neutral,65,Institutional Support
DFS,0.0,0.0,0.0,0.0,0,0,0,Unknown,45,Neutral
DG,98.07,0.34,4.25,218.79,10,0,0,Neutral,65,Institutional Support
DGX,100.34,0.39,5.87,110.67,10,0,0,Neutral,65,Institutional Support
DHI,90.47,11.32,6.7,257.21,10,0,0,Neutral,65,Institutional Support
DHR,83.88,11.05,1.22,629.54,10,0,0,Neutral,70,Strong Institutional Support
DIS,75.87,0.07,1.33,1768.83,10,0,0,Neutral,65,Institutional Support
DLR,101.1,0.02,3.64,321.26,10,0,0,Neutral,65,Institutional Support
DLTR,115.87,0.15,9.49,175.05,10,0,0,Neutral,65,Institutional Support
DOC,97.6,0.29,4.89,692.21,10,0,0,Neutral,65,Institutional Support
DOV,88.48,1.39,3.0,135.3,10,0,0,Neutral,65,Institutional Support
DOW,66.76,0.17,4.48,715.39,10,0,0,Neutral,60,Institutional Support
DPZ,90.84,9.33,7.07,32.83,10,0,0,Neutral,65,Institutional Support
DRI,95.91,0.33,7.66,114.59,10,0,0,Neutral,65,Institutional Support
DTE,80.88,0.36,1.99,206.63,10,0,0,Neutral,70,Strong Institutional Support
DUK,70.3,0.13,1.62,775.79,10,0,0,Neutral,65,Institutional Support
DVA,51.46,51.54,20.23,36.28,10,0,0,Neutral,40,Institutional Concern
DVN,80.55,0.8,4.03,621.93,10,0,0,Neutral,65,Institutional Support
DXCM,97.15,0.43,5.09,387.37,10,0,0,Neutral,65,Institutional Support
EA,99.79,0.2,4.25,224.73,10,0,0,Neutral,65,Institutional Support
EBAY,95.85,0.25,3.32,450.29,10,0,0,Neutral,65,Institutional Support
ECL,94.12,0.14,1.07,285.43,10,0,0,Neutral,70,Strong Institutional Support
ED,73.59,0.22,3.69,360.3,10,0,0,Neutral,60,Institutional Support
EFX,101.99,0.51,2.95,121.85,10,0,0,Neutral,70,Strong Institutional Support
EG,98.24,1.42,2.59,31.6,10,0,0,Neutral,70,Strong Institutional Support
EIX,90.93,0.23,2.87,383.82,10,0,0,Neutral,70,Strong Institutional Support
EL,92.6,1.54,4.35,244.85,10,0,0,Neutral,65,Institutional Support
ELV,91.94,0.17,1.66,221.31,10,0,0,Neutral,70,Strong Institutional Support
EMN,92.0,0.78,4.25,113.2,10,0,0,Neutral,65,Institutional Support
EMR,84.11,0.24,2.7,559.88,10,0,0,Neutral,70,Strong Institutional Support
ENPH,96.23,3.43,30.13,126.87,10,0,0,Neutral,55,Institutional Support
EOG,95.52,0.29,2.61,540.78,10,0,0,Neutral,70,Strong Institutional Support
EPAM,101.77,3.6,6.4,53.34,10,0,0,Neutral,65,Institutional Support
EQIX,99.11,0.28,2.65,97.81,10,0,0,Neutral,70,Strong Institutional Support
EQR,94.83,0.54,2.79,342.66,10,0,0,Neutral,70,Strong Institutional Support
EQT,94.9,0.7,4.23,618.81,10,0,0,Neutral,65,Institutional Support
ES,86.3,0.21,1.9,374.3,10,0,0,Neutral,70,Strong Institutional Support
ESS,103.7,1.17,3.35,63.76,10,0,0,Neutral,65,Institutional Support
ETN,85.68,0.18,1.89,387.07,10,0,0,Neutral,70,Strong Institutional Support
ETR,97.95,0.28,3.15,444.29,10,0,0,Neutral,65,Institutional Support
ETSY,126.37,1.21,22.99,81.28,10,0,0,Neutral,55,Institutional Support
EVRG,94.73,0.18,6.08,229.03,10,0,0,Neutral,65,Institutional Support
EW,89.97,0.92,1.55,578.47,10,0,0,Neutral,70,Strong Institutional Support
EXC,90.89,0.11,5.26,1008.59,10,0,0,Neutral,65,Institutional Support
EXPD,103.91,0.68,5.16,132.95,10,0,0,Neutral,65,Institutional Support
EXPE,102.94,1.16,6.05,115.46,10,0,0,Neutral,65,Institutional Support
EXR,99.39,0.98,3.32,209.96,10,0,0,Neutral,65,Institutional Support
F,65.5,0.26,5.65,3876.84,10,0,0,Neutral,60,Institutional Support
FANG,63.53,35.57,4.75,184.68,10,0,0,Neutral,60,Institutional Support
FAST,88.35,0.19,3.14,1144.45,10,0,0,Neutral,65,Institutional Support
FCX,86.13,0.67,2.34,1392.08,10,0,0,Neutral,70,Strong Institutional Support
FDS,96.78,0.41,5.55,36.97,10,0,0,Neutral,65,Institutional Support
FDX,80.47,7.58,1.46,217.12,10,0,0,Neutral,70,Strong Institutional Support
FE,95.26,0.16,6.5,547.08,10,0,0,Neutral,65,Institutional Support
FFIV,104.13,0.5,7.07,56.31,10,0,0,Neutral,65,Institutional Support
FI,0.0,0.0,0.0,0.0,0,0,0,Unknown,45,Neutral
FICO,92.15,2.71,5.6,23.06,10,0,0,Neutral,65,Institutional Support
FIS,99.15,0.13,3.24,516.63,10,0,0,Neutral,65,Institutional Support
FITB,65.93,0.32,9.58,657.13,10,0,0,Neutral,60,Institutional Support
FLT,0.0,0.0,0.0,0.0,0,0,0,Unknown,45,Neutral
FMC,89.93,0.94,11.94,123.91,10,0,0,Neutral,55,Institutional Support
FOX,65.97,38.87,10.28,351.18,10,0,0,Neutral,50,Neutral
FOXA,121.75,1.31,14.03,351.18,10,0,0,Neutral,55,Institutional Support
FRT,98.38,1.05,3.61,77.93,10,0,0,Neutral,65,Institutional Support
FSLR,104.03,5.46,10.11,101.44,10,0,0,Neutral,55,Institutional Support
FTNT,71.12,17.34,3.27,625.94,10,0,0,Neutral,60,Institutional Support
FTV,102.45,0.35,4.85,291.59,10,0,0,Neutral,65,Institutional Support
GD,88.06,0.51,1.23,253.19,10,0,0,Neutral,70,Strong Institutional Support
GDDY,102.71,0.67,6.22,134.24,10,0,0,Neutral,65,Institutional Support
GE,81.05,0.19,1.32,1045.16,10,0,0,Neutral,70,Strong Institutional Support
GEHC,89.58,0.27,3.13,454.29,10,0,0,Neutral,65,Institutional Support
GEN,88.02,9.31,3.78,472.37,10,0,0,Neutral,65,Institutional Support
GEV,80.3,0.07,2.42,269.09,10,0,0,Neutral,70,Strong Institutional Support
GILD,92.31,0.1,1.85,1238.05,10,0,0,Neutral,70,Strong Institutional Support
GIS,87.11,0.3,8.73,531.28,10,0,0,Neutral,65,Institutional Support
GL,86.14,0.64,1.95,78.93,10,0,0,Neutral,70,Strong Institutional Support
GLW,80.85,8.71,1.5,778.33,10,0,0,Neutral,70,Strong Institutional Support
GM,89.29,0.18,2.98,901.13,10,0,0,Neutral,70,Strong Institutional Support
GNRC,95.56,1.66,8.46,57.52,10,0,0,Neutral,65,Institutional Support
GOOG,60.81,6.68,0.0,10798.4,10,0,0,Neutral,65,Institutional Support
GOOGL,81.3,0.57,1.44,10798.4,10,0,0,Neutral,70,Strong Institutional Support
GPC,88.44,0.4,3.81,138.51,10,0,0,Neutral,65,Institutional Support
GPN,96.04,0.82,3.62,198.43,10,0,0,Neutral,65,Institutional Support
GRMN,57.38,14.89,1.4,163.47,10,0,0,Neutral,55,Institutional Support
GS,75.04,0.55,2.07,305.61,10,0,0,Neutral,65,Institutional Support
GWW,73.48,6.2,3.57,43.51,10,0,0,Neutral,60,Institutional Support
HAL,90.25,0.48,5.14,834.06,10,0,0,Neutral,65,Institutional Support
HAS,93.21,0.69,3.88,139.61,10,0,0,Neutral,65,Institutional Support
HBAN,68.04,0.7,6.93,1557.45,10,0,0,Neutral,60,Institutional Support
HCA,61.52,31.3,2.49,158.16,10,0,0,Neutral,65,Institutional Support
HD,74.04,0.07,1.18,993.91,10,0,0,Neutral,65,Institutional Support
HES,0.0,0.0,0.0,0.0,0,0,0,Unknown,45,Neutral
HIG,95.07,0.32,2.44,275.53,10,0,0,Neutral,70,Strong Institutional Support
HII,96.45,0.66,4.4,38.99,10,0,0,Neutral,65,Institutional Support
HLT,99.77,2.08,3.19,228.22,10,0,0,Neutral,65,Institutional Support
HOLX,97.54,0.83,1.95,221.22,10,0,0,Neutral,70,Strong Institutional Support
HON,81.88,0.11,1.85,603.33,10,0,0,Neutral,70,Strong Institutional Support
HPE,92.93,0.44,7.18,1327.89,10,0,0,Neutral,65,Institutional Support
HPQ,85.64,0.23,12.71,914.89,10,0,0,Neutral,55,Institutional Support
HRL,91.13,0.45,6.76,290.61,10,0,0,Neutral,65,Institutional Support
HSIC,110.6,0.89,5.02,98.18,10,0,0,Neutral,65,Institutional Support
HST,109.3,1.38,7.56,641.44,10,0,0,Neutral,65,Institutional Support
HSY,88.54,0.35,7.68,145.29,10,0,0,Neutral,65,Institutional Support
HUBB,97.27,0.39,6.44,52.64,10,0,0,Neutral,65,Institutional Support
HUM,98.49,0.21,5.7,120.03,10,0,0,Neutral,65,Institutional Support
HWM,94.4,1.14,3.8,397.95,10,0,0,Neutral,65,Institutional Support
IBM,64.28,0.12,2.36,934.36,10,0,0,Neutral,65,Institutional Support
ICE,94.58,0.92,1.38,566.11,10,0,0,Neutral,70,Strong Institutional Support
IDXX,95.01,0.68,3.14,79.04,10,0,0,Neutral,65,Institutional Support
IEX,104.79,0.24,4.13,74.58,10,0,0,Neutral,65,Institutional Support
IFF,97.64,1.97,3.87,255.53,10,0,0,Neutral,65,Institutional Support
ILMN,105.67,0.19,6.6,148.55,10,0,0,Neutral,65,Institutional Support
INCY,105.7,1.89,7.75,164.31,10,0,0,Neutral,65,Institutional Support
INTC,60.82,1.81,2.68,4986.66,10,0,0,Neutral,65,Institutional Support
INTU,91.16,2.33,2.1,272.16,10,0,0,Neutral,70,Strong Institutional Support
INVH,103.41,0.31,3.92,559.25,10,0,0,Neutral,65,Institutional Support
IP,105.42,0.34,12.33,525.13,10,0,0,Neutral,55,Institutional Support
IPG,0.0,0.0,0.0,0.0,0,0,0,Unknown,45,Neutral
IQV,100.52,0.99,2.85,161.7,10,0,0,Neutral,70,Strong Institutional Support
IR,106.27,0.26,6.07,393.9,10,0,0,Neutral,65,Institutional Support
IRM,88.18,0.78,4.2,292.99,10,0,0,Neutral,65,Institutional Support
ISRG,88.8,0.54,2.02,352.99,10,0,0,Neutral,70,Strong Institutional Support
IT,107.85,3.28,7.61,69.62,10,0,0,Neutral,65,Institutional Support
ITW,84.9,0.34,2.66,262.57,10,0,0,Neutral,70,Strong Institutional Support
IVZ,96.11,0.65,5.78,332.81,10,0,0,Neutral,65,Institutional Support
J,92.37,0.61,3.28,115.91,10,0,0,Neutral,65,Institutional Support
JBHT,78.19,20.46,3.58,75.02,10,0,0,Neutral,60,Institutional Support
JBL,99.19,1.33,4.07,103.5,10,0,0,Neutral,65,Institutional Support
JCI,95.94,0.19,2.6,607.99,10,0,0,Neutral,70,Strong Institutional Support
JKHY,99.84,0.59,4.8,71.88,10,0,0,Neutral,65,Institutional Support
JNJ,75.42,0.05,0.89,2405.58,10,0,0,Neutral,65,Institutional Support
JNPR,0.0,0.0,0.0,0.0,0,0,0,Unknown,45,Neutral
JPM,74.3,0.38,0.75,2681.88,10,0,0,Neutral,65,Institutional Support
K,87.64,0.51,3.54,343.08,10,0,0,Neutral,65,Institutional Support
KDP,93.75,4.96,3.37,1218.26,10,0,0,Neutral,65,Institutional Support
KEY,91.62,0.28,2.64,1098.12,10,0,0,Neutral,70,Strong Institutional Support
KEYS,92.67,0.6,1.97,170.68,10,0,0,Neutral,70,Strong Institutional Support
KHC,61.58,27.85,7.43,852.39,10,0,0,Neutral,60,Institutional Support
KIM,98.32,2.15,4.83,661.15,10,0,0,Neutral,65,Institutional Support
KKR,62.3,23.59,1.54,684.48,10,0,0,Neutral,65,Institutional Support
KLAC,94.27,0.1,2.59,130.76,10,0,0,Neutral,70,Strong Institutional Support
KMB,85.35,0.66,10.9,330.78,10,0,0,Neutral,55,Institutional Support
KMI,68.89,12.78,2.39,1938.66,10,0,0,Neutral,65,Institutional Support
KMX,104.8,0.44,13.52,140.96,10,0,0,Neutral,55,Institutional Support
KO,66.18,9.89,0.84,3872.78,10,0,0,Neutral,65,Institutional Support
KR,81.97,8.78,5.71,739.98,10,0,0,Neutral,65,Institutional Support
KVUE,98.78,0.04,3.97,1913.45,10,0,0,Neutral,65,Institutional Support
L,60.64,18.93,1.95,169.51,10,0,0,Neutral,65,Institutional Support
LDOS,80.63,0.55,2.17,126.91,10,0,0,Neutral,70,Strong Institutional Support
LEN,99.31,5.38,5.52,213.18,10,0,0,Neutral,65,Institutional Support
LH,98.68,0.33,4.76,82.52,10,0,0,Neutral,65,Institutional Support
LHX,89.38,0.34,2.14,186.19,10,0,0,Neutral,70,Strong Institutional Support
LIN,88.21,0.24,1.6,465.27,10,0,0,Neutral,70,Strong Institutional Support
LKQ,103.79,0.46,7.42,254.25,10,0,0,Neutral,65,Institutional Support
LLY,83.45,0.16,0.97,0.0,10,0,0,Neutral,70,Strong Institutional Support
LMT,75.36,0.08,1.33,195.52,10,0,0,Neutral,65,Institutional Support
LNT,89.01,0.23,8.71,256.34,10,0,0,Neutral,65,Institutional Support
LOW,80.1,0.11,1.9,559.8,10,0,0,Neutral,70,Strong Institutional Support
LRCX,88.67,0.28,2.79,1243.9,10,0,0,Neutral,70,Strong Institutional Support
LULU,77.67,4.61,5.5,107.78,10,0,0,Neutral,60,Institutional Support
LUV,97.69,1.18,4.96,458.79,10,0,0,Neutral,65,Institutional Support
LVS,42.4,57.25,4.12,321.06,10,0,0,Neutral,50,Neutral
LW,94.5,2.51,5.17,137.94,10,0,0,Neutral,65,Institutional Support
LYB,71.12,20.47,6.88,255.84,10,0,0,Neutral,60,Institutional Support
LYV,84.01,32.64,11.47,156.27,10,0,0,Neutral,55,Institutional Support
MA,91.36,0.52,0.81,886.11,10,0,0,Neutral,70,Strong Institutional Support
MAA,99.15,0.67,3.79,116.05,10,0,0,Neutral,65,Institutional Support
MAR,65.81,17.91,3.45,234.07,10,0,0,Neutral,60,Institutional Support
MAS,99.62,0.22,4.51,206.87,10,0,0,Neutral,65,Institutional Support
MCD,75.15,0.22,1.09,711.06,10,0,0,Neutral,65,Institutional Support
MCHP,98.19,2.11,5.69,528.91,10,0,0,Neutral,65,Institutional Support
MCK,91.44,0.03,1.65,123.26,10,0,0,Neutral,70,Strong Institutional Support
MCO,79.39,13.95,1.65,164.75,10,0,0,Neutral,65,Institutional Support
MDLZ,88.78,0.2,2.97,1285.4,10,0,0,Neutral,70,Strong Institutional Support
MDT,88.05,0.29,1.31,1279.68,10,0,0,Neutral,70,Strong Institutional Support
MET,77.83,16.43,1.82,550.32,10,0,0,Neutral,65,Institutional Support
META,79.27,0.06,1.49,2182.63,10,0,0,Neutral,65,Institutional Support
MGM,70.91,25.27,15.18,192.91,10,0,0,Neutral,50,Neutral
MHK,86.19,17.62,6.44,51.14,10,0,0,Neutral,65,Institutional Support
MKC,92.38,0.01,0.0,264.84,10,0,0,Neutral,70,Strong Institutional Support
MKTX,99.81,2.34,6.33,36.42,10,0,0,Neutral,65,Institutional Support
MLM,99.36,0.74,3.79,59.82,10,0,0,Neutral,65,Institutional Support
MMC,92.08,0.07,1.01,489.04,10,0,0,Neutral,70,Strong Institutional Support
MMM,75.27,0.1,1.41,529.48,10,0,0,Neutral,65,Institutional Support
MNST,70.55,28.59,2.63,696.87,10,0,0,Neutral,65,Institutional Support
MO,63.03,0.09,2.85,1673.78,10,0,0,Neutral,65,Institutional Support
MOH,111.02,1.37,7.88,47.93,10,0,0,Neutral,65,Institutional Support
MOS,97.26,0.47,5.57,315.72,10,0,0,Neutral,65,Institutional Support
MPC,77.02,0.28,3.37,294.17,10,0,0,Neutral,60,Institutional Support
MPWR,104.08,3.74,5.67,46.05,10,0,0,Neutral,65,Institutional Support
MRK,80.23,0.06,1.51,2477.88,10,0,0,Neutral,70,Strong Institutional Support
MRNA,71.17,7.41,21.86,364.15,10,0,0,Neutral,50,Neutral
MRO,0.0,0.0,0.0,0.0,0,0,0,Unknown,45,Neutral
MS,62.97,24.04,1.32,1201.58,10,0,0,Neutral,65,Institutional Support
MSCI,96.83,3.55,2.68,69.6,10,0,0,Neutral,70,Strong Institutional Support
MSFT,76.05,0.07,0.74,7414.71,10,0,0,Neutral,65,Institutional Support
MSI,88.65,0.43,1.71,165.82,10,0,0,Neutral,70,Strong Institutional Support
MTB,92.36,0.37,4.21,151.14,10,0,0,Neutral,65,Institutional Support
MTCH,109.04,0.65,6.92,230.89,10,0,0,Neutral,65,Institutional Support
MTD,102.9,0.45,3.08,20.32,10,0,0,Neutral,65,Institutional Support
MU,83.57,0.24,2.46,1121.13,10,0,0,Neutral,70,Strong Institutional Support
NCLH,83.86,0.34,11.48,453.16,10,0,0,Neutral,55,Institutional Support
NDAQ,86.47,10.77,1.98,508.65,10,0,0,Neutral,70,Strong Institutional Support
NDSN,79.3,5.69,2.76,49.74,10,0,0,Neutral,65,Institutional Support
NEE,83.47,0.11,2.05,2084.84,10,0,0,Neutral,70,Strong Institutional Support
NEM,80.03,0.24,2.62,1088.8,10,0,0,Neutral,70,Strong Institutional Support
NFLX,85.88,0.56,1.68,4192.78,10,0,0,Neutral,70,Strong Institutional Support
NI,101.26,0.27,2.92,475.65,10,0,0,Neutral,70,Strong Institutional Support
NKE,83.08,1.42,4.17,1170.78,10,0,0,Neutral,65,Institutional Support
NOC,84.7,0.22,1.14,141.55,10,0,0,Neutral,70,Strong Institutional Support
NOW,90.09,0.16,1.85,1043.2,10,0,0,Neutral,70,Strong Institutional Support
NRG,95.45,0.78,2.51,190.67,10,0,0,Neutral,70,Strong Institutional Support
NSC,77.23,0.07,3.79,224.04,10,0,0,Neutral,60,Institutional Support
NTAP,99.91,0.5,9.49,196.94,10,0,0,Neutral,65,Institutional Support
NTRS,88.51,0.76,0.97,183.45,10,0,0,Neutral,70,Strong Institutional Support
NUE,77.61,3.17,2.73,221.24,10,0,0,Neutral,65,Institutional Support
NVDA,69.65,4.33,1.12,23330.67,10,0,0,Neutral,65,Institutional Support
NVR,91.43,5.28,3.54,2.75,10,0,0,Neutral,65,Institutional Support
NWS,48.67,34.01,12.18,496.26,10,0,0,Neutral,40,Institutional Concern
NWSA,107.05,0.07,2.52,496.26,10,0,0,Neutral,70,Strong Institutional Support
NXPI,97.94,0.13,3.64,252.1,10,0,0,Neutral,65,Institutional Support
O,80.46,0.1,4.67,917.93,10,0,0,Neutral,65,Institutional Support
ODFL,80.21,10.23,6.7,191.85,10,0,0,Neutral,65,Institutional Support
OKE,77.39,0.19,4.15,627.42,10,0,0,Neutral,60,Institutional Support
OMC,81.52,0.78,6.63,191.52,10,0,0,Neutral,65,Institutional Support
ON,109.89,0.37,14.3,400.46,10,0,0,Neutral,55,Institutional Support
ORCL,45.08,40.59,1.7,1706.04,10,0,0,Neutral,55,Institutional Support
ORLY,87.89,0.77,1.84,836.34,10,0,0,Neutral,70,Strong Institutional Support
OTIS,91.79,0.11,2.5,389.24,10,0,0,Neutral,70,Strong Institutional Support
OXY,51.52,27.18,5.93,981.66,10,0,0,Neutral,50,Neutral
PANW,85.31,0.89,6.91,690.27,10,0,0,Neutral,65,Institutional Support
PARA,0.0,0.0,0.0,0.0,0,0,0,Unknown,45,Neutral
PAYC,95.02,11.89,7.16,48.37,10,0,0,Neutral,65,Institutional Support
PAYX,83.05,10.36,5.35,321.67,10,0,0,Neutral,65,Institutional Support
PCAR,73.52,1.93,3.32,515.02,10,0,0,Neutral,60,Institutional Support
PCG,98.45,0.18,2.09,2191.87,10,0,0,Neutral,70,Strong Institutional Support
PEG,77.96,0.1,2.1,497.98,10,0,0,Neutral,65,Institutional Support
PEP,79.79,0.18,1.59,1363.08,10,0,0,Neutral,65,Institutional Support
PFE,67.9,0.07,2.28,5675.87,10,0,0,Neutral,65,Institutional Support
PFG,75.57,1.07,2.4,218.34,10,0,0,Neutral,65,Institutional Support
PG,70.58,0.07,0.82,2319.82,10,0,0,Neutral,65,Institutional Support
PGR,88.27,0.25,1.16,583.9,10,0,0,Neutral,70,Strong Institutional Support
PH,89.82,0.16,1.09,125.79,10,0,0,Neutral,70,Strong Institutional Support
PHM,96.73,0.67,4.42,192.52,10,0,0,Neutral,65,Institutional Support
PKG,98.0,1.45,3.59,87.82,10,0,0,Neutral,65,Institutional Support
PLD,97.53,0.28,1.91,954.33,10,0,0,Neutral,70,Strong Institutional Support
PM,83.17,0.15,1.25,1552.67,10,0,0,Neutral,70,Strong Institutional Support
PNC,88.24,0.36,1.36,387.42,10,0,0,Neutral,70,Strong Institutional Support
PNR,98.29,0.77,2.83,162.09,10,0,0,Neutral,70,Strong Institutional Support
PNW,99.13,0.25,6.85,118.94,10,0,0,Neutral,65,Institutional Support
PODD,102.2,0.28,4.28,70.11,10,0,0,Neutral,65,Institutional Support
POOL,93.86,12.58,10.67,32.6,10,0,0,Neutral,55,Institutional Support
PPG,88.72,0.14,3.08,223.91,10,0,0,Neutral,65,Institutional Support
PPL,89.62,0.11,5.63,737.72,10,0,0,Neutral,65,Institutional Support
PRU,62.11,0.17,2.25,346.67,10,0,0,Neutral,65,Institutional Support
PSA,83.17,10.19,2.88,157.4,10,0,0,Neutral,70,Strong Institutional Support
PSX,77.85,0.26,2.11,402.09,10,0,0,Neutral,65,Institutional Support
PTC,101.76,0.31,4.53,119.01,10,0,0,Neutral,65,Institutional Support
PWR,95.88,0.86,3.76,147.63,10,0,0,Neutral,65,Institutional Support
PYPL,82.9,0.15,4.73,917.88,10,0,0,Neutral,65,Institutional Support
QCOM,81.97,0.12,3.36,1068.65,10,0,0,Neutral,65,Institutional Support
QRVO,95.14,1.14,4.98,84.31,10,0,0,Neutral,65,Institutional Support
RCL,90.85,0.26,4.91,256.12,10,0,0,Neutral,65,Institutional Support
REG,101.68,0.7,4.34,163.72,10,0,0,Neutral,65,Institutional Support
REGN,90.05,2.02,2.3,98.81,10,0,0,Neutral,70,Strong Institutional Support
RF,88.29,0.3,7.08,864.33,10,0,0,Neutral,65,Institutional Support
RJF,79.62,10.47,4.45,176.29,10,0,0,Neutral,60,Institutional Support
RL,101.1,3.9,6.99,38.08,10,0,0,Neutral,65,Institutional Support
RMD,66.44,0.51,9.04,144.77,10,0,0,Neutral,60,Institutional Support
ROK,86.61,0.17,2.81,111.91,10,0,0,Neutral,70,Strong Institutional Support
ROL,55.93,38.27,3.15,311.11,10,0,0,Neutral,50,Neutral
ROP,98.48,0.38,2.09,106.05,10,0,0,Neutral,70,Strong Institutional Support
ROST,93.8,2.21,2.82,315.97,10,0,0,Neutral,70,Strong Institutional Support
RSG,96.42,0.12,1.34,308.85,10,0,0,Neutral,70,Strong Institutional Support
RTX,81.53,0.08,0.72,1251.05,10,0,0,Neutral,70,Strong Institutional Support
RVTY,103.69,0.31,8.88,103.86,10,0,0,Neutral,65,Institutional Support
SBAC,100.81,0.72,2.88,105.8,10,0,0,Neutral,70,Strong Institutional Support
SBUX,85.68,0.13,3.89,1137.09,10,0,0,Neutral,65,Institutional Support
SCHW,84.94,6.2,0.96,1672.24,10,0,0,Neutral,70,Strong Institutional Support
SHW,84.33,7.18,1.55,227.91,10,0,0,Neutral,70,Strong Institutional Support
SJM,92.07,2.2,7.54,104.44,10,0,0,Neutral,65,Institutional Support
SLB,86.01,0.19,3.97,1490.7,10,0,0,Neutral,65,Institutional Support
SMCI,56.08,16.49,19.4,498.21,10,0,0,Neutral,40,Institutional Concern
SNA,95.82,2.29,5.68,50.75,10,0,0,Neutral,65,Institutional Support
SNPS,92.99,0.44,2.6,190.28,10,0,0,Neutral,70,Strong Institutional Support
SO,73.85,0.08,2.35,1098.78,10,0,0,Neutral,65,Institutional Support
SOLV,74.03,14.92,2.64,147.36,10,0,0,Neutral,65,Institutional Support
SPG,88.94,1.74,2.11,321.49,10,0,0,Neutral,70,Strong Institutional Support
SPGI,90.69,0.27,1.37,302.12,10,0,0,Neutral,70,Strong Institutional Support
SRE,96.1,0.11,1.82,651.47,10,0,0,Neutral,70,Strong Institutional Support
STE,97.86,0.31,1.48,97.76,10,0,0,Neutral,70,Strong Institutional Support
STLD,81.45,6.43,3.05,135.95,10,0,0,Neutral,65,Institutional Support
STT,95.68,0.43,1.92,263.81,10,0,0,Neutral,70,Strong Institutional Support
STX,95.79,0.28,6.59,217.31,10,0,0,Neutral,65,Institutional Support
STZ,76.33,20.06,4.98,143.66,10,0,0,Neutral,60,Institutional Support
SWK,94.41,0.33,4.22,154.46,10,0,0,Neutral,65,Institutional Support
SWKS,100.12,0.41,14.55,148.73,10,0,0,Neutral,55,Institutional Support
SYF,109.82,0.43,7.24,344.74,10,0,0,Neutral,65,Institutional Support
SYK,82.32,5.36,1.28,345.35,10,0,0,Neutral,70,Strong Institutional Support
SYY,90.01,0.2,3.13,477.55,10,0,0,Neutral,65,Institutional Support
T,67.84,0.09,1.65,7022.57,10,0,0,Neutral,65,Institutional Support
TAP,93.7,12.4,12.78,177.57,10,0,0,Neutral,55,Institutional Support
TDG,97.98,0.39,2.84,56.18,10,0,0,Neutral,70,Strong Institutional Support
TDY,97.47,0.92,2.55,46.72,10,0,0,Neutral,70,Strong Institutional Support
TECH,110.48,0.28,7.59,153.94,10,0,0,Neutral,65,Institutional Support
TEL,92.51,0.12,2.24,292.89,10,0,0,Neutral,70,Strong Institutional Support
TER,104.96,0.2,3.59,156.1,10,0,0,Neutral,65,Institutional Support
TFC,77.63,0.2,2.42,1259.25,10,0,0,Neutral,65,Institutional Support
TFX,106.36,0.33,6.91,41.71,10,0,0,Neutral,65,Institutional Support
TGT,84.67,0.26,4.04,451.6,10,0,0,Neutral,65,Institutional Support
TJX,92.73,0.1,1.18,1107.87,10,0,0,Neutral,70,Strong Institutional Support
TMO,92.63,0.15,1.04,375.08,10,0,0,Neutral,70,Strong Institutional Support
TMUS,41.24,56.47,3.39,531.63,10,0,0,Neutral,50,Neutral
TPR,99.39,0.37,7.59,203.67,10,0,0,Neutral,65,Institutional Support
TRGP,94.0,1.39,2.84,211.0,10,0,0,Neutral,70,Strong Institutional Support
TRMB,101.13,0.25,2.23,236.83,10,0,0,Neutral,70,Strong Institutional Support
TROW,82.12,1.72,11.45,214.4,10,0,0,Neutral,55,Institutional Support
TRV,89.26,0.24,1.6,216.35,10,0,0,Neutral,70,Strong Institutional Support
TSCO,97.7,0.28,6.99,526.13,10,0,0,Neutral,65,Institutional Support
TSLA,44.44,11.13,1.93,2812.64,10,0,0,Neutral,55,Institutional Support
TSN,91.68,1.64,3.24,275.07,10,0,0,Neutral,65,Institutional Support
TT,90.43,0.26,1.82,223.03,10,0,0,Neutral,70,Strong Institutional Support
TTWO,96.75,1.37,5.06,172.74,10,0,0,Neutral,65,Institutional Support
TXN,91.33,0.21,2.36,904.63,10,0,0,Neutral,70,Strong Institutional Support
TXT,88.8,0.61,3.53,175.95,10,0,0,Neutral,65,Institutional Support
TYL,98.38,0.38,3.91,42.82,10,0,0,Neutral,65,Institutional Support
UAL,90.61,0.52,4.18,324.61,10,0,0,Neutral,65,Institutional Support
UBER,85.79,0.45,2.39,2062.35,10,0,0,Neutral,70,Strong Institutional Support
UDR,103.7,0.45,4.96,298.47,10,0,0,Neutral,65,Institutional Support
UHS,97.89,5.7,5.21,52.39,10,0,0,Neutral,65,Institutional Support
ULTA,99.63,0.28,6.48,44.19,10,0,0,Neutral,65,Institutional Support
UNH,83.43,0.81,1.48,902.26,10,0,0,Neutral,70,Strong Institutional Support
UNP,87.07,0.12,4.26,591.3,10,0,0,Neutral,65,Institutional Support
UPS,67.39,0.03,2.01,738.76,10,0,0,Neutral,65,Institutional Support
URI,96.95,0.53,2.78,62.73,10,0,0,Neutral,70,Strong Institutional Support
USB,81.94,0.12,1.46,1550.55,10,0,0,Neutral,70,Strong Institutional Support
V,91.13,0.58,1.32,1739.77,10,0,0,Neutral,70,Strong Institutional Support
VICI,99.27,0.27,3.26,1064.27,10,0,0,Neutral,65,Institutional Support
VLO,85.14,0.58,4.95,303.45,10,0,0,Neutral,65,Institutional Support
VLTO,97.17,0.13,2.53,248.04,10,0,0,Neutral,70,Strong Institutional Support
VMC,95.19,0.16,4.14,131.84,10,0,0,Neutral,65,Institutional Support
VRSK,98.6,0.27,2.82,138.99,10,0,0,Neutral,70,Strong Institutional Support
VRSN,88.79,10.41,3.9,91.88,10,0,0,Neutral,65,Institutional Support
VRTX,97.56,0.17,1.97,252.86,10,0,0,Neutral,70,Strong Institutional Support
VST,92.91,0.71,3.09,316.55,10,0,0,Neutral,65,Institutional Support
VTR,102.2,0.51,3.61,467.57,10,0,0,Neutral,65,Institutional Support
VTRS,87.6,0.28,2.51,1144.17,10,0,0,Unknown,70,Strong Institutional Support
VZ,69.11,0.04,2.86,4211.22,10,0,0,Neutral,65,Institutional Support
WAB,96.31,1.1,1.42,168.95,10,0,0,Neutral,70,Strong Institutional Support
WAT,99.69,0.16,4.38,59.42,10,0,0,Neutral,65,Institutional Support
WBA,0.0,0.0,0.0,0.0,0,0,0,Unknown,45,Neutral
WBD,74.05,5.95,3.51,2343.99,10,0,0,Neutral,60,Institutional Support
WDC,107.36,0.55,11.14,336.63,10,0,0,Neutral,55,Institutional Support
WEC,84.74,0.15,4.7,324.39,10,0,0,Neutral,65,Institutional Support
WELL,98.81,0.05,2.17,685.37,10,0,0,Neutral,70,Strong Institutional Support
WFC,80.45,0.09,1.09,3085.04,10,0,0,Neutral,70,Strong Institutional Support
WM,84.07,0.27,1.16,401.74,10,0,0,Neutral,70,Strong Institutional Support
WMB,88.87,0.45,1.39,1214.22,10,0,0,Neutral,70,Strong Institutional Support
WMT,38.11,45.12,0.82,4367.25,10,0,0,Neutral,55,Institutional Support
WRB,82.54,25.92,6.21,234.69,10,0,0,Neutral,65,Institutional Support
WST,97.85,0.59,3.5,71.46,10,0,0,Neutral,65,Institutional Support
WTW,99.62,0.25,3.42,94.71,10,0,0,Neutral,65,Institutional Support
WY,93.44,0.33,2.8,717.3,10,0,0,Neutral,70,Strong Institutional Support
WYNN,68.26,27.13,5.42,74.2,10,0,0,Neutral,60,Institutional Support
XEL,95.62,0.19,4.82,590.03,10,0,0,Neutral,65,Institutional Support
XOM,67.07,0.09,1.28,4167.55,10,0,0,Neutral,65,Institutional Support
XYL,96.19,0.21,1.49,242.87,10,0,0,Neutral,70,Strong Institutional Support
YUM,86.39,0.15,3.54,276.9,10,0,0,Neutral,65,Institutional Support
ZBH,100.41,0.15,5.47,197.71,10,0,0,Neutral,65,Institutional Support
ZBRA,101.45,0.65,3.18,50.24,10,0,0,Neutral,65,Institutional Support
ZTS,99.17,0.1,3.53,439.83,10,0,0,Neutral,65,Institutional Support
